Z,u1,v1,u2,v2,u3,v3,u4,v4,pos1,pos2,pos3,pos4,pos5,pos6,vel1,vel2,vel3,vel4,vel5,vel6,err1,err2,err3,err4,err5,err6,err7,err8,speed1,speed2,speed3,speed4,speed5,speed6,cmdspeed1,cmdspeed2,cmdspeed3,cmdspeed4,cmdspeed5,cmdspeed6,time,
50,0,0,0,0,0,0,0,0,0,1.5708,-1.5708,0,1.5708,0,0,0,0,0,0,0,142,
50,0,0,0,0,0,0,0,0,0,1.5708,-1.5708,0,1.57484,0,0,0,0,0,1,0,138,
50,0,0,0,0,0,0,0,0,0,1.52441,-1.57069,0,1.6634,0.000251328,0,-4,0,0,2,0,131,
50,0,0,0,0,0,0,0,0,0,1.43539,-1.57069,0,1.74643,0.000251328,0,-3,0,0,2,0,137,
50,0,0,0,0,0,0,0,0,0,1.34774,-1.57073,0,1.83364,0.000251328,0,-3,0,0,2,0,143,
50,0,0,0,0,0,0,0,0,0,1.25622,-1.57083,0,1.92505,0.000251328,0,-2,0,0,2,0,138,
50,0,0,0,0,0,0,0,0,0,1.17003,-1.57101,0,2.01137,0.000251328,0,-3,0,0,2,0,138,
