Z,u1,v1,u2,v2,u3,v3,u4,v4,pos1,pos2,pos3,pos4,pos5,pos6,vel1,vel2,vel3,vel4,vel5,vel6,err1,err2,err3,err4,err5,err6,err7,err8,speed1,speed2,speed3,speed4,speed5,speed6,cmdspeed1,cmdspeed2,cmdspeed3,cmdspeed4,cmdspeed5,cmdspeed6,time,
50,0,0,0,0,0,0,0,0,0,0.610865,0.907571,0,1.22173,0,0,0,0,0,0,0,-0,-0.0758861,0.138261,0,-0.0623747,-0,0,-28367,125517,0,-9992,0,123,
50,0,0,0,0,0,0,0,0,0,0.610865,0.907571,0,1.22173,0,0,0,0,0,0,0,-0,-0.0758861,0.138261,0,-0.0623747,-0,0,-28367,125517,0,-9992,0,122,
